blockId,blockLabel,category,level,side,operatorRestroomFacilityId,operatorRestroomLocationText,operatorRestroomFloor,operatorRestroomSide,operatorRestroomAccessible,operatorSectionToRestroomMinutes,operatorRestroomVerificationStatus,operatorGateToSectionMinutes,operatorSectionToFoodMinutes,operatorWalkingVerificationStatus,operatorGateCongestionLevel,operatorConcourseCongestionLevel,operatorFoodQueueLevel,operatorRestroomQueueLevel,operatorCongestionObservedAt,operatorCongestionVerificationStatus,reviewerNote
block-101,101,RED,1F,FIRST_BASE,jamsil-facility-restroom-2f-gate-2-3,GATE 2-3 근처 / 트윈스 굿즈샵 / 트윈스존 인근,2F,FIRST_BASE,UNKNOWN,UNKNOWN,OPERATOR_CONFIRMED,UNKNOWN,UNKNOWN,OPERATOR_CONFIRMED,UNKNOWN,UNKNOWN,UNKNOWN,UNKNOWN,,OPERATOR_CONFIRMED,user-approved field survey unknown confirmation 2026-06-01
block-102,102,RED,1F,FIRST_BASE,jamsil-facility-restroom-2f-gate-2-3,GATE 2-3 근처 / 트윈스 굿즈샵 / 트윈스존 인근,2F,FIRST_BASE,UNKNOWN,UNKNOWN,OPERATOR_CONFIRMED,UNKNOWN,UNKNOWN,OPERATOR_CONFIRMED,UNKNOWN,UNKNOWN,UNKNOWN,UNKNOWN,,OPERATOR_CONFIRMED,user-approved field survey unknown confirmation 2026-06-01
block-103,103,RED,1F,FIRST_BASE,jamsil-facility-restroom-2f-gate-2-3,GATE 2-3 근처 / 트윈스 굿즈샵 / 트윈스존 인근,2F,FIRST_BASE,UNKNOWN,UNKNOWN,OPERATOR_CONFIRMED,UNKNOWN,UNKNOWN,OPERATOR_CONFIRMED,UNKNOWN,UNKNOWN,UNKNOWN,UNKNOWN,,OPERATOR_CONFIRMED,user-approved field survey unknown confirmation 2026-06-01
block-104,104,RED,1F,FIRST_BASE,jamsil-facility-restroom-2f-gate-2-3,GATE 2-3 근처 / 트윈스 굿즈샵 / 트윈스존 인근,2F,FIRST_BASE,UNKNOWN,UNKNOWN,OPERATOR_CONFIRMED,UNKNOWN,UNKNOWN,OPERATOR_CONFIRMED,UNKNOWN,UNKNOWN,UNKNOWN,UNKNOWN,,OPERATOR_CONFIRMED,user-approved field survey unknown confirmation 2026-06-01
block-105,105,RED,1F,FIRST_BASE,jamsil-facility-restroom-2f-gate-2-3,GATE 2-3 근처 / 트윈스 굿즈샵 / 트윈스존 인근,2F,FIRST_BASE,UNKNOWN,UNKNOWN,OPERATOR_CONFIRMED,UNKNOWN,UNKNOWN,OPERATOR_CONFIRMED,UNKNOWN,UNKNOWN,UNKNOWN,UNKNOWN,,OPERATOR_CONFIRMED,user-approved field survey unknown confirmation 2026-06-01
block-106,106,RED,1F,FIRST_BASE,jamsil-facility-restroom-2f-gate-2-3,GATE 2-3 근처 / 트윈스 굿즈샵 / 트윈스존 인근,2F,FIRST_BASE,UNKNOWN,UNKNOWN,OPERATOR_CONFIRMED,UNKNOWN,UNKNOWN,OPERATOR_CONFIRMED,UNKNOWN,UNKNOWN,UNKNOWN,UNKNOWN,,OPERATOR_CONFIRMED,user-approved field survey unknown confirmation 2026-06-01
block-107,107,BLUE,1F,FIRST_BASE,jamsil-facility-restroom-2f-gate-2-3,GATE 2-3 근처 / 트윈스 굿즈샵 / 트윈스존 인근,2F,FIRST_BASE,UNKNOWN,UNKNOWN,OPERATOR_CONFIRMED,UNKNOWN,UNKNOWN,OPERATOR_CONFIRMED,UNKNOWN,UNKNOWN,UNKNOWN,UNKNOWN,,OPERATOR_CONFIRMED,user-approved field survey unknown confirmation 2026-06-01
block-108,108,BLUE,1F,FIRST_BASE,jamsil-facility-restroom-2f-gate-2-3,GATE 2-3 근처 / 트윈스 굿즈샵 / 트윈스존 인근,2F,FIRST_BASE,UNKNOWN,UNKNOWN,OPERATOR_CONFIRMED,UNKNOWN,UNKNOWN,OPERATOR_CONFIRMED,UNKNOWN,UNKNOWN,UNKNOWN,UNKNOWN,,OPERATOR_CONFIRMED,user-approved field survey unknown confirmation 2026-06-01
block-109,109,BLUE,1F,FIRST_BASE,jamsil-facility-restroom-2f-gate-2-3,GATE 2-3 근처 / 트윈스 굿즈샵 / 트윈스존 인근,2F,FIRST_BASE,UNKNOWN,UNKNOWN,OPERATOR_CONFIRMED,UNKNOWN,UNKNOWN,OPERATOR_CONFIRMED,UNKNOWN,UNKNOWN,UNKNOWN,UNKNOWN,,OPERATOR_CONFIRMED,user-approved field survey unknown confirmation 2026-06-01
block-110,110,TABLE,1F,FIRST_BASE,jamsil-facility-restroom-2f-gate-2-3,GATE 2-3 근처 / 트윈스 굿즈샵 / 트윈스존 인근,2F,FIRST_BASE,UNKNOWN,UNKNOWN,OPERATOR_CONFIRMED,UNKNOWN,UNKNOWN,OPERATOR_CONFIRMED,UNKNOWN,UNKNOWN,UNKNOWN,UNKNOWN,,OPERATOR_CONFIRMED,user-approved field survey unknown confirmation 2026-06-01
block-111,111,TABLE,1F,FIRST_BASE,jamsil-facility-restroom-2f-gate-2-3,GATE 2-3 근처 / 트윈스 굿즈샵 / 트윈스존 인근,2F,FIRST_BASE,UNKNOWN,UNKNOWN,OPERATOR_CONFIRMED,UNKNOWN,UNKNOWN,OPERATOR_CONFIRMED,UNKNOWN,UNKNOWN,UNKNOWN,UNKNOWN,,OPERATOR_CONFIRMED,user-approved field survey unknown confirmation 2026-06-01
block-112,112,TABLE,1F,FIRST_BASE,jamsil-facility-restroom-2f-gate-2-3,GATE 2-3 근처 / 트윈스 굿즈샵 / 트윈스존 인근,2F,FIRST_BASE,UNKNOWN,UNKNOWN,OPERATOR_CONFIRMED,UNKNOWN,UNKNOWN,OPERATOR_CONFIRMED,UNKNOWN,UNKNOWN,UNKNOWN,UNKNOWN,,OPERATOR_CONFIRMED,user-approved field survey unknown confirmation 2026-06-01
block-113,113,TABLE,1F,FIRST_BASE,jamsil-facility-restroom-2f-gate-2-3,GATE 2-3 근처 / 트윈스 굿즈샵 / 트윈스존 인근,2F,FIRST_BASE,UNKNOWN,UNKNOWN,OPERATOR_CONFIRMED,UNKNOWN,UNKNOWN,OPERATOR_CONFIRMED,UNKNOWN,UNKNOWN,UNKNOWN,UNKNOWN,,OPERATOR_CONFIRMED,user-approved field survey unknown confirmation 2026-06-01
block-114,114,BLUE,1F,THIRD_BASE,jamsil-facility-restroom-2f-gate-2-2,GATE 2-2 근처 / 프랭크버거 / BBQ 인근,2F,CENTER,UNKNOWN,UNKNOWN,OPERATOR_CONFIRMED,UNKNOWN,UNKNOWN,OPERATOR_CONFIRMED,UNKNOWN,UNKNOWN,UNKNOWN,UNKNOWN,,OPERATOR_CONFIRMED,user-approved field survey unknown confirmation 2026-06-01
block-115,115,BLUE,1F,THIRD_BASE,jamsil-facility-restroom-2f-gate-2-2,GATE 2-2 근처 / 프랭크버거 / BBQ 인근,2F,CENTER,UNKNOWN,UNKNOWN,OPERATOR_CONFIRMED,UNKNOWN,UNKNOWN,OPERATOR_CONFIRMED,UNKNOWN,UNKNOWN,UNKNOWN,UNKNOWN,,OPERATOR_CONFIRMED,user-approved field survey unknown confirmation 2026-06-01
block-116,116,BLUE,1F,THIRD_BASE,jamsil-facility-restroom-2f-gate-2-2,GATE 2-2 근처 / 프랭크버거 / BBQ 인근,2F,CENTER,UNKNOWN,UNKNOWN,OPERATOR_CONFIRMED,UNKNOWN,UNKNOWN,OPERATOR_CONFIRMED,UNKNOWN,UNKNOWN,UNKNOWN,UNKNOWN,,OPERATOR_CONFIRMED,user-approved field survey unknown confirmation 2026-06-01
block-117,117,RED,1F,THIRD_BASE,jamsil-facility-restroom-2f-gate-2-2,GATE 2-2 근처 / 프랭크버거 / BBQ 인근,2F,CENTER,UNKNOWN,UNKNOWN,OPERATOR_CONFIRMED,UNKNOWN,UNKNOWN,OPERATOR_CONFIRMED,UNKNOWN,UNKNOWN,UNKNOWN,UNKNOWN,,OPERATOR_CONFIRMED,user-approved field survey unknown confirmation 2026-06-01
block-118,118,RED,1F,THIRD_BASE,jamsil-facility-restroom-2f-gate-2-2,GATE 2-2 근처 / 프랭크버거 / BBQ 인근,2F,CENTER,UNKNOWN,UNKNOWN,OPERATOR_CONFIRMED,UNKNOWN,UNKNOWN,OPERATOR_CONFIRMED,UNKNOWN,UNKNOWN,UNKNOWN,UNKNOWN,,OPERATOR_CONFIRMED,user-approved field survey unknown confirmation 2026-06-01
block-119,119,RED,1F,THIRD_BASE,jamsil-facility-restroom-2f-gate-2-2,GATE 2-2 근처 / 프랭크버거 / BBQ 인근,2F,CENTER,UNKNOWN,UNKNOWN,OPERATOR_CONFIRMED,UNKNOWN,UNKNOWN,OPERATOR_CONFIRMED,UNKNOWN,UNKNOWN,UNKNOWN,UNKNOWN,,OPERATOR_CONFIRMED,user-approved field survey unknown confirmation 2026-06-01
block-120,120,RED,1F,THIRD_BASE,jamsil-facility-restroom-2f-gate-2-2,GATE 2-2 근처 / 프랭크버거 / BBQ 인근,2F,CENTER,UNKNOWN,UNKNOWN,OPERATOR_CONFIRMED,UNKNOWN,UNKNOWN,OPERATOR_CONFIRMED,UNKNOWN,UNKNOWN,UNKNOWN,UNKNOWN,,OPERATOR_CONFIRMED,user-approved field survey unknown confirmation 2026-06-01
block-121,121,RED,1F,THIRD_BASE,jamsil-facility-restroom-2f-gate-2-2,GATE 2-2 근처 / 프랭크버거 / BBQ 인근,2F,CENTER,UNKNOWN,UNKNOWN,OPERATOR_CONFIRMED,UNKNOWN,UNKNOWN,OPERATOR_CONFIRMED,UNKNOWN,UNKNOWN,UNKNOWN,UNKNOWN,,OPERATOR_CONFIRMED,user-approved field survey unknown confirmation 2026-06-01
block-122,122,RED,1F,THIRD_BASE,jamsil-facility-restroom-2f-gate-2-2,GATE 2-2 근처 / 프랭크버거 / BBQ 인근,2F,CENTER,UNKNOWN,UNKNOWN,OPERATOR_CONFIRMED,UNKNOWN,UNKNOWN,OPERATOR_CONFIRMED,UNKNOWN,UNKNOWN,UNKNOWN,UNKNOWN,,OPERATOR_CONFIRMED,user-approved field survey unknown confirmation 2026-06-01
block-201,201,RED,2F,FIRST_BASE,jamsil-facility-restroom-2f-gate-2-3,GATE 2-3 근처 / 트윈스 굿즈샵 / 트윈스존 인근,2F,FIRST_BASE,UNKNOWN,UNKNOWN,OPERATOR_CONFIRMED,UNKNOWN,UNKNOWN,OPERATOR_CONFIRMED,UNKNOWN,UNKNOWN,UNKNOWN,UNKNOWN,,OPERATOR_CONFIRMED,user-approved field survey unknown confirmation 2026-06-01
block-202,202,RED,2F,FIRST_BASE,jamsil-facility-restroom-2f-gate-2-3,GATE 2-3 근처 / 트윈스 굿즈샵 / 트윈스존 인근,2F,FIRST_BASE,UNKNOWN,UNKNOWN,OPERATOR_CONFIRMED,UNKNOWN,UNKNOWN,OPERATOR_CONFIRMED,UNKNOWN,UNKNOWN,UNKNOWN,UNKNOWN,,OPERATOR_CONFIRMED,user-approved field survey unknown confirmation 2026-06-01
block-203,203,RED,2F,FIRST_BASE,jamsil-facility-restroom-2f-gate-2-3,GATE 2-3 근처 / 트윈스 굿즈샵 / 트윈스존 인근,2F,FIRST_BASE,UNKNOWN,UNKNOWN,OPERATOR_CONFIRMED,UNKNOWN,UNKNOWN,OPERATOR_CONFIRMED,UNKNOWN,UNKNOWN,UNKNOWN,UNKNOWN,,OPERATOR_CONFIRMED,user-approved field survey unknown confirmation 2026-06-01
block-204,204,RED,2F,FIRST_BASE,jamsil-facility-restroom-2f-gate-2-3,GATE 2-3 근처 / 트윈스 굿즈샵 / 트윈스존 인근,2F,FIRST_BASE,UNKNOWN,UNKNOWN,OPERATOR_CONFIRMED,UNKNOWN,UNKNOWN,OPERATOR_CONFIRMED,UNKNOWN,UNKNOWN,UNKNOWN,UNKNOWN,,OPERATOR_CONFIRMED,user-approved field survey unknown confirmation 2026-06-01
block-205,205,ORANGE,2F,FIRST_BASE,jamsil-facility-restroom-2f-gate-2-3,GATE 2-3 근처 / 트윈스 굿즈샵 / 트윈스존 인근,2F,FIRST_BASE,UNKNOWN,UNKNOWN,OPERATOR_CONFIRMED,UNKNOWN,UNKNOWN,OPERATOR_CONFIRMED,UNKNOWN,UNKNOWN,UNKNOWN,UNKNOWN,,OPERATOR_CONFIRMED,user-approved field survey unknown confirmation 2026-06-01
block-206,206,ORANGE,2F,FIRST_BASE,jamsil-facility-restroom-2f-gate-2-3,GATE 2-3 근처 / 트윈스 굿즈샵 / 트윈스존 인근,2F,FIRST_BASE,UNKNOWN,UNKNOWN,OPERATOR_CONFIRMED,UNKNOWN,UNKNOWN,OPERATOR_CONFIRMED,UNKNOWN,UNKNOWN,UNKNOWN,UNKNOWN,,OPERATOR_CONFIRMED,user-approved field survey unknown confirmation 2026-06-01
block-207,207,ORANGE,2F,FIRST_BASE,jamsil-facility-restroom-2f-gate-2-3,GATE 2-3 근처 / 트윈스 굿즈샵 / 트윈스존 인근,2F,FIRST_BASE,UNKNOWN,UNKNOWN,OPERATOR_CONFIRMED,UNKNOWN,UNKNOWN,OPERATOR_CONFIRMED,UNKNOWN,UNKNOWN,UNKNOWN,UNKNOWN,,OPERATOR_CONFIRMED,user-approved field survey unknown confirmation 2026-06-01
block-208,208,ORANGE,2F,FIRST_BASE,jamsil-facility-restroom-2f-gate-2-3,GATE 2-3 근처 / 트윈스 굿즈샵 / 트윈스존 인근,2F,FIRST_BASE,UNKNOWN,UNKNOWN,OPERATOR_CONFIRMED,UNKNOWN,UNKNOWN,OPERATOR_CONFIRMED,UNKNOWN,UNKNOWN,UNKNOWN,UNKNOWN,,OPERATOR_CONFIRMED,user-approved field survey unknown confirmation 2026-06-01
block-209,209,BLUE,2F,FIRST_BASE,jamsil-facility-restroom-2f-gate-2-3,GATE 2-3 근처 / 트윈스 굿즈샵 / 트윈스존 인근,2F,FIRST_BASE,UNKNOWN,UNKNOWN,OPERATOR_CONFIRMED,UNKNOWN,UNKNOWN,OPERATOR_CONFIRMED,UNKNOWN,UNKNOWN,UNKNOWN,UNKNOWN,,OPERATOR_CONFIRMED,user-approved field survey unknown confirmation 2026-06-01
block-210,210,BLUE,2F,FIRST_BASE,jamsil-facility-restroom-2f-gate-2-3,GATE 2-3 근처 / 트윈스 굿즈샵 / 트윈스존 인근,2F,FIRST_BASE,UNKNOWN,UNKNOWN,OPERATOR_CONFIRMED,UNKNOWN,UNKNOWN,OPERATOR_CONFIRMED,UNKNOWN,UNKNOWN,UNKNOWN,UNKNOWN,,OPERATOR_CONFIRMED,user-approved field survey unknown confirmation 2026-06-01
block-211,211,BLUE,2F,FIRST_BASE,jamsil-facility-restroom-2f-gate-2-3,GATE 2-3 근처 / 트윈스 굿즈샵 / 트윈스존 인근,2F,FIRST_BASE,UNKNOWN,UNKNOWN,OPERATOR_CONFIRMED,UNKNOWN,UNKNOWN,OPERATOR_CONFIRMED,UNKNOWN,UNKNOWN,UNKNOWN,UNKNOWN,,OPERATOR_CONFIRMED,user-approved field survey unknown confirmation 2026-06-01
block-212,212,TABLE,2F,FIRST_BASE,jamsil-facility-restroom-2f-gate-2-3,GATE 2-3 근처 / 트윈스 굿즈샵 / 트윈스존 인근,2F,FIRST_BASE,UNKNOWN,UNKNOWN,OPERATOR_CONFIRMED,UNKNOWN,UNKNOWN,OPERATOR_CONFIRMED,UNKNOWN,UNKNOWN,UNKNOWN,UNKNOWN,,OPERATOR_CONFIRMED,user-approved field survey unknown confirmation 2026-06-01
block-213,213,TABLE,2F,FIRST_BASE,jamsil-facility-restroom-2f-gate-2-3,GATE 2-3 근처 / 트윈스 굿즈샵 / 트윈스존 인근,2F,FIRST_BASE,UNKNOWN,UNKNOWN,OPERATOR_CONFIRMED,UNKNOWN,UNKNOWN,OPERATOR_CONFIRMED,UNKNOWN,UNKNOWN,UNKNOWN,UNKNOWN,,OPERATOR_CONFIRMED,user-approved field survey unknown confirmation 2026-06-01
block-214,214,TABLE,2F,THIRD_BASE,jamsil-facility-restroom-2f-gate-2-2,GATE 2-2 근처 / 프랭크버거 / BBQ 인근,2F,CENTER,UNKNOWN,UNKNOWN,OPERATOR_CONFIRMED,UNKNOWN,UNKNOWN,OPERATOR_CONFIRMED,UNKNOWN,UNKNOWN,UNKNOWN,UNKNOWN,,OPERATOR_CONFIRMED,user-approved field survey unknown confirmation 2026-06-01
block-215,215,TABLE,2F,THIRD_BASE,jamsil-facility-restroom-2f-gate-2-2,GATE 2-2 근처 / 프랭크버거 / BBQ 인근,2F,CENTER,UNKNOWN,UNKNOWN,OPERATOR_CONFIRMED,UNKNOWN,UNKNOWN,OPERATOR_CONFIRMED,UNKNOWN,UNKNOWN,UNKNOWN,UNKNOWN,,OPERATOR_CONFIRMED,user-approved field survey unknown confirmation 2026-06-01
block-216,216,BLUE,2F,THIRD_BASE,jamsil-facility-restroom-2f-gate-2-2,GATE 2-2 근처 / 프랭크버거 / BBQ 인근,2F,CENTER,UNKNOWN,UNKNOWN,OPERATOR_CONFIRMED,UNKNOWN,UNKNOWN,OPERATOR_CONFIRMED,UNKNOWN,UNKNOWN,UNKNOWN,UNKNOWN,,OPERATOR_CONFIRMED,user-approved field survey unknown confirmation 2026-06-01
block-217,217,BLUE,2F,THIRD_BASE,jamsil-facility-restroom-2f-gate-2-2,GATE 2-2 근처 / 프랭크버거 / BBQ 인근,2F,CENTER,UNKNOWN,UNKNOWN,OPERATOR_CONFIRMED,UNKNOWN,UNKNOWN,OPERATOR_CONFIRMED,UNKNOWN,UNKNOWN,UNKNOWN,UNKNOWN,,OPERATOR_CONFIRMED,user-approved field survey unknown confirmation 2026-06-01
block-218,218,BLUE,2F,THIRD_BASE,jamsil-facility-restroom-2f-gate-2-2,GATE 2-2 근처 / 프랭크버거 / BBQ 인근,2F,CENTER,UNKNOWN,UNKNOWN,OPERATOR_CONFIRMED,UNKNOWN,UNKNOWN,OPERATOR_CONFIRMED,UNKNOWN,UNKNOWN,UNKNOWN,UNKNOWN,,OPERATOR_CONFIRMED,user-approved field survey unknown confirmation 2026-06-01
block-219,219,ORANGE,2F,THIRD_BASE,jamsil-facility-restroom-2f-gate-2-2,GATE 2-2 근처 / 프랭크버거 / BBQ 인근,2F,CENTER,UNKNOWN,UNKNOWN,OPERATOR_CONFIRMED,UNKNOWN,UNKNOWN,OPERATOR_CONFIRMED,UNKNOWN,UNKNOWN,UNKNOWN,UNKNOWN,,OPERATOR_CONFIRMED,user-approved field survey unknown confirmation 2026-06-01
block-220,220,ORANGE,2F,THIRD_BASE,jamsil-facility-restroom-2f-gate-2-2,GATE 2-2 근처 / 프랭크버거 / BBQ 인근,2F,CENTER,UNKNOWN,UNKNOWN,OPERATOR_CONFIRMED,UNKNOWN,UNKNOWN,OPERATOR_CONFIRMED,UNKNOWN,UNKNOWN,UNKNOWN,UNKNOWN,,OPERATOR_CONFIRMED,user-approved field survey unknown confirmation 2026-06-01
block-221,221,ORANGE,2F,THIRD_BASE,jamsil-facility-restroom-2f-gate-2-2,GATE 2-2 근처 / 프랭크버거 / BBQ 인근,2F,CENTER,UNKNOWN,UNKNOWN,OPERATOR_CONFIRMED,UNKNOWN,UNKNOWN,OPERATOR_CONFIRMED,UNKNOWN,UNKNOWN,UNKNOWN,UNKNOWN,,OPERATOR_CONFIRMED,user-approved field survey unknown confirmation 2026-06-01
block-222,222,ORANGE,2F,THIRD_BASE,jamsil-facility-restroom-2f-gate-2-2,GATE 2-2 근처 / 프랭크버거 / BBQ 인근,2F,CENTER,UNKNOWN,UNKNOWN,OPERATOR_CONFIRMED,UNKNOWN,UNKNOWN,OPERATOR_CONFIRMED,UNKNOWN,UNKNOWN,UNKNOWN,UNKNOWN,,OPERATOR_CONFIRMED,user-approved field survey unknown confirmation 2026-06-01
block-223,223,RED,2F,THIRD_BASE,jamsil-facility-restroom-2f-gate-2-2,GATE 2-2 근처 / 프랭크버거 / BBQ 인근,2F,CENTER,UNKNOWN,UNKNOWN,OPERATOR_CONFIRMED,UNKNOWN,UNKNOWN,OPERATOR_CONFIRMED,UNKNOWN,UNKNOWN,UNKNOWN,UNKNOWN,,OPERATOR_CONFIRMED,user-approved field survey unknown confirmation 2026-06-01
block-224,224,RED,2F,THIRD_BASE,jamsil-facility-restroom-2f-gate-2-2,GATE 2-2 근처 / 프랭크버거 / BBQ 인근,2F,CENTER,UNKNOWN,UNKNOWN,OPERATOR_CONFIRMED,UNKNOWN,UNKNOWN,OPERATOR_CONFIRMED,UNKNOWN,UNKNOWN,UNKNOWN,UNKNOWN,,OPERATOR_CONFIRMED,user-approved field survey unknown confirmation 2026-06-01
block-225,225,RED,2F,THIRD_BASE,jamsil-facility-restroom-2f-gate-2-2,GATE 2-2 근처 / 프랭크버거 / BBQ 인근,2F,CENTER,UNKNOWN,UNKNOWN,OPERATOR_CONFIRMED,UNKNOWN,UNKNOWN,OPERATOR_CONFIRMED,UNKNOWN,UNKNOWN,UNKNOWN,UNKNOWN,,OPERATOR_CONFIRMED,user-approved field survey unknown confirmation 2026-06-01
block-226,226,RED,2F,THIRD_BASE,jamsil-facility-restroom-2f-gate-2-2,GATE 2-2 근처 / 프랭크버거 / BBQ 인근,2F,CENTER,UNKNOWN,UNKNOWN,OPERATOR_CONFIRMED,UNKNOWN,UNKNOWN,OPERATOR_CONFIRMED,UNKNOWN,UNKNOWN,UNKNOWN,UNKNOWN,,OPERATOR_CONFIRMED,user-approved field survey unknown confirmation 2026-06-01
block-301,301,NAVY,3F,FIRST_BASE,jamsil-facility-restroom-3f-d10,D10 근처 / GS25 / 프랭크버거 인근,3F,UNKNOWN,UNKNOWN,UNKNOWN,OPERATOR_CONFIRMED,UNKNOWN,UNKNOWN,OPERATOR_CONFIRMED,UNKNOWN,UNKNOWN,UNKNOWN,UNKNOWN,,OPERATOR_CONFIRMED,user-approved field survey unknown confirmation 2026-06-01
block-302,302,NAVY,3F,FIRST_BASE,jamsil-facility-restroom-3f-d10,D10 근처 / GS25 / 프랭크버거 인근,3F,UNKNOWN,UNKNOWN,UNKNOWN,OPERATOR_CONFIRMED,UNKNOWN,UNKNOWN,OPERATOR_CONFIRMED,UNKNOWN,UNKNOWN,UNKNOWN,UNKNOWN,,OPERATOR_CONFIRMED,user-approved field survey unknown confirmation 2026-06-01
block-303,303,NAVY,3F,FIRST_BASE,jamsil-facility-restroom-3f-d10,D10 근처 / GS25 / 프랭크버거 인근,3F,UNKNOWN,UNKNOWN,UNKNOWN,OPERATOR_CONFIRMED,UNKNOWN,UNKNOWN,OPERATOR_CONFIRMED,UNKNOWN,UNKNOWN,UNKNOWN,UNKNOWN,,OPERATOR_CONFIRMED,user-approved field survey unknown confirmation 2026-06-01
block-304,304,NAVY,3F,FIRST_BASE,jamsil-facility-restroom-3f-d10,D10 근처 / GS25 / 프랭크버거 인근,3F,UNKNOWN,UNKNOWN,UNKNOWN,OPERATOR_CONFIRMED,UNKNOWN,UNKNOWN,OPERATOR_CONFIRMED,UNKNOWN,UNKNOWN,UNKNOWN,UNKNOWN,,OPERATOR_CONFIRMED,user-approved field survey unknown confirmation 2026-06-01
block-305,305,NAVY,3F,FIRST_BASE,jamsil-facility-restroom-3f-d10,D10 근처 / GS25 / 프랭크버거 인근,3F,UNKNOWN,UNKNOWN,UNKNOWN,OPERATOR_CONFIRMED,UNKNOWN,UNKNOWN,OPERATOR_CONFIRMED,UNKNOWN,UNKNOWN,UNKNOWN,UNKNOWN,,OPERATOR_CONFIRMED,user-approved field survey unknown confirmation 2026-06-01
block-306,306,NAVY,3F,FIRST_BASE,jamsil-facility-restroom-3f-d10,D10 근처 / GS25 / 프랭크버거 인근,3F,UNKNOWN,UNKNOWN,UNKNOWN,OPERATOR_CONFIRMED,UNKNOWN,UNKNOWN,OPERATOR_CONFIRMED,UNKNOWN,UNKNOWN,UNKNOWN,UNKNOWN,,OPERATOR_CONFIRMED,user-approved field survey unknown confirmation 2026-06-01
block-307,307,NAVY,3F,FIRST_BASE,jamsil-facility-restroom-3f-d10,D10 근처 / GS25 / 프랭크버거 인근,3F,UNKNOWN,UNKNOWN,UNKNOWN,OPERATOR_CONFIRMED,UNKNOWN,UNKNOWN,OPERATOR_CONFIRMED,UNKNOWN,UNKNOWN,UNKNOWN,UNKNOWN,,OPERATOR_CONFIRMED,user-approved field survey unknown confirmation 2026-06-01
block-308,308,NAVY,3F,FIRST_BASE,jamsil-facility-restroom-3f-d10,D10 근처 / GS25 / 프랭크버거 인근,3F,UNKNOWN,UNKNOWN,UNKNOWN,OPERATOR_CONFIRMED,UNKNOWN,UNKNOWN,OPERATOR_CONFIRMED,UNKNOWN,UNKNOWN,UNKNOWN,UNKNOWN,,OPERATOR_CONFIRMED,user-approved field survey unknown confirmation 2026-06-01
block-309,309,NAVY,3F,FIRST_BASE,jamsil-facility-restroom-3f-d10,D10 근처 / GS25 / 프랭크버거 인근,3F,UNKNOWN,UNKNOWN,UNKNOWN,OPERATOR_CONFIRMED,UNKNOWN,UNKNOWN,OPERATOR_CONFIRMED,UNKNOWN,UNKNOWN,UNKNOWN,UNKNOWN,,OPERATOR_CONFIRMED,user-approved field survey unknown confirmation 2026-06-01
block-310,310,NAVY,3F,FIRST_BASE,jamsil-facility-restroom-3f-d10,D10 근처 / GS25 / 프랭크버거 인근,3F,UNKNOWN,UNKNOWN,UNKNOWN,OPERATOR_CONFIRMED,UNKNOWN,UNKNOWN,OPERATOR_CONFIRMED,UNKNOWN,UNKNOWN,UNKNOWN,UNKNOWN,,OPERATOR_CONFIRMED,user-approved field survey unknown confirmation 2026-06-01
block-311,311,NAVY,3F,CENTER,jamsil-facility-restroom-3f-d10,D10 근처 / GS25 / 프랭크버거 인근,3F,UNKNOWN,UNKNOWN,UNKNOWN,OPERATOR_CONFIRMED,UNKNOWN,UNKNOWN,OPERATOR_CONFIRMED,UNKNOWN,UNKNOWN,UNKNOWN,UNKNOWN,,OPERATOR_CONFIRMED,user-approved field survey unknown confirmation 2026-06-01
block-312,312,NAVY,3F,CENTER,jamsil-facility-restroom-3f-d10,D10 근처 / GS25 / 프랭크버거 인근,3F,UNKNOWN,UNKNOWN,UNKNOWN,OPERATOR_CONFIRMED,UNKNOWN,UNKNOWN,OPERATOR_CONFIRMED,UNKNOWN,UNKNOWN,UNKNOWN,UNKNOWN,,OPERATOR_CONFIRMED,user-approved field survey unknown confirmation 2026-06-01
block-313,313,NAVY,3F,CENTER,jamsil-facility-restroom-3f-d10,D10 근처 / GS25 / 프랭크버거 인근,3F,UNKNOWN,UNKNOWN,UNKNOWN,OPERATOR_CONFIRMED,UNKNOWN,UNKNOWN,OPERATOR_CONFIRMED,UNKNOWN,UNKNOWN,UNKNOWN,UNKNOWN,,OPERATOR_CONFIRMED,user-approved field survey unknown confirmation 2026-06-01
block-314,314,NAVY,3F,CENTER,jamsil-facility-restroom-3f-d10,D10 근처 / GS25 / 프랭크버거 인근,3F,UNKNOWN,UNKNOWN,UNKNOWN,OPERATOR_CONFIRMED,UNKNOWN,UNKNOWN,OPERATOR_CONFIRMED,UNKNOWN,UNKNOWN,UNKNOWN,UNKNOWN,,OPERATOR_CONFIRMED,user-approved field survey unknown confirmation 2026-06-01
block-315,315,NAVY,3F,CENTER,jamsil-facility-restroom-3f-d10,D10 근처 / GS25 / 프랭크버거 인근,3F,UNKNOWN,UNKNOWN,UNKNOWN,OPERATOR_CONFIRMED,UNKNOWN,UNKNOWN,OPERATOR_CONFIRMED,UNKNOWN,UNKNOWN,UNKNOWN,UNKNOWN,,OPERATOR_CONFIRMED,user-approved field survey unknown confirmation 2026-06-01
block-316,316,NAVY,3F,CENTER,jamsil-facility-restroom-3f-d10,D10 근처 / GS25 / 프랭크버거 인근,3F,UNKNOWN,UNKNOWN,UNKNOWN,OPERATOR_CONFIRMED,UNKNOWN,UNKNOWN,OPERATOR_CONFIRMED,UNKNOWN,UNKNOWN,UNKNOWN,UNKNOWN,,OPERATOR_CONFIRMED,user-approved field survey unknown confirmation 2026-06-01
block-317,317,NAVY,3F,CENTER,jamsil-facility-restroom-3f-d10,D10 근처 / GS25 / 프랭크버거 인근,3F,UNKNOWN,UNKNOWN,UNKNOWN,OPERATOR_CONFIRMED,UNKNOWN,UNKNOWN,OPERATOR_CONFIRMED,UNKNOWN,UNKNOWN,UNKNOWN,UNKNOWN,,OPERATOR_CONFIRMED,user-approved field survey unknown confirmation 2026-06-01
block-318,318,NAVY,3F,CENTER,jamsil-facility-restroom-3f-d10,D10 근처 / GS25 / 프랭크버거 인근,3F,UNKNOWN,UNKNOWN,UNKNOWN,OPERATOR_CONFIRMED,UNKNOWN,UNKNOWN,OPERATOR_CONFIRMED,UNKNOWN,UNKNOWN,UNKNOWN,UNKNOWN,,OPERATOR_CONFIRMED,user-approved field survey unknown confirmation 2026-06-01
block-319,319,NAVY,3F,CENTER,jamsil-facility-restroom-3f-d10,D10 근처 / GS25 / 프랭크버거 인근,3F,UNKNOWN,UNKNOWN,UNKNOWN,OPERATOR_CONFIRMED,UNKNOWN,UNKNOWN,OPERATOR_CONFIRMED,UNKNOWN,UNKNOWN,UNKNOWN,UNKNOWN,,OPERATOR_CONFIRMED,user-approved field survey unknown confirmation 2026-06-01
block-320,320,NAVY,3F,CENTER,jamsil-facility-restroom-3f-d10,D10 근처 / GS25 / 프랭크버거 인근,3F,UNKNOWN,UNKNOWN,UNKNOWN,OPERATOR_CONFIRMED,UNKNOWN,UNKNOWN,OPERATOR_CONFIRMED,UNKNOWN,UNKNOWN,UNKNOWN,UNKNOWN,,OPERATOR_CONFIRMED,user-approved field survey unknown confirmation 2026-06-01
block-321,321,NAVY,3F,CENTER,jamsil-facility-restroom-3f-d10,D10 근처 / GS25 / 프랭크버거 인근,3F,UNKNOWN,UNKNOWN,UNKNOWN,OPERATOR_CONFIRMED,UNKNOWN,UNKNOWN,OPERATOR_CONFIRMED,UNKNOWN,UNKNOWN,UNKNOWN,UNKNOWN,,OPERATOR_CONFIRMED,user-approved field survey unknown confirmation 2026-06-01
block-322,322,NAVY,3F,CENTER,jamsil-facility-restroom-3f-d10,D10 근처 / GS25 / 프랭크버거 인근,3F,UNKNOWN,UNKNOWN,UNKNOWN,OPERATOR_CONFIRMED,UNKNOWN,UNKNOWN,OPERATOR_CONFIRMED,UNKNOWN,UNKNOWN,UNKNOWN,UNKNOWN,,OPERATOR_CONFIRMED,user-approved field survey unknown confirmation 2026-06-01
block-323,323,NAVY,3F,CENTER,jamsil-facility-restroom-3f-d10,D10 근처 / GS25 / 프랭크버거 인근,3F,UNKNOWN,UNKNOWN,UNKNOWN,OPERATOR_CONFIRMED,UNKNOWN,UNKNOWN,OPERATOR_CONFIRMED,UNKNOWN,UNKNOWN,UNKNOWN,UNKNOWN,,OPERATOR_CONFIRMED,user-approved field survey unknown confirmation 2026-06-01
block-324,324,NAVY,3F,CENTER,jamsil-facility-restroom-3f-d10,D10 근처 / GS25 / 프랭크버거 인근,3F,UNKNOWN,UNKNOWN,UNKNOWN,OPERATOR_CONFIRMED,UNKNOWN,UNKNOWN,OPERATOR_CONFIRMED,UNKNOWN,UNKNOWN,UNKNOWN,UNKNOWN,,OPERATOR_CONFIRMED,user-approved field survey unknown confirmation 2026-06-01
block-325,325,NAVY,3F,THIRD_BASE,jamsil-facility-restroom-3f-d10,D10 근처 / GS25 / 프랭크버거 인근,3F,UNKNOWN,UNKNOWN,UNKNOWN,OPERATOR_CONFIRMED,UNKNOWN,UNKNOWN,OPERATOR_CONFIRMED,UNKNOWN,UNKNOWN,UNKNOWN,UNKNOWN,,OPERATOR_CONFIRMED,user-approved field survey unknown confirmation 2026-06-01
block-326,326,NAVY,3F,THIRD_BASE,jamsil-facility-restroom-3f-d10,D10 근처 / GS25 / 프랭크버거 인근,3F,UNKNOWN,UNKNOWN,UNKNOWN,OPERATOR_CONFIRMED,UNKNOWN,UNKNOWN,OPERATOR_CONFIRMED,UNKNOWN,UNKNOWN,UNKNOWN,UNKNOWN,,OPERATOR_CONFIRMED,user-approved field survey unknown confirmation 2026-06-01
block-327,327,NAVY,3F,THIRD_BASE,jamsil-facility-restroom-3f-d10,D10 근처 / GS25 / 프랭크버거 인근,3F,UNKNOWN,UNKNOWN,UNKNOWN,OPERATOR_CONFIRMED,UNKNOWN,UNKNOWN,OPERATOR_CONFIRMED,UNKNOWN,UNKNOWN,UNKNOWN,UNKNOWN,,OPERATOR_CONFIRMED,user-approved field survey unknown confirmation 2026-06-01
block-328,328,NAVY,3F,THIRD_BASE,jamsil-facility-restroom-3f-d10,D10 근처 / GS25 / 프랭크버거 인근,3F,UNKNOWN,UNKNOWN,UNKNOWN,OPERATOR_CONFIRMED,UNKNOWN,UNKNOWN,OPERATOR_CONFIRMED,UNKNOWN,UNKNOWN,UNKNOWN,UNKNOWN,,OPERATOR_CONFIRMED,user-approved field survey unknown confirmation 2026-06-01
block-329,329,NAVY,3F,THIRD_BASE,jamsil-facility-restroom-3f-d10,D10 근처 / GS25 / 프랭크버거 인근,3F,UNKNOWN,UNKNOWN,UNKNOWN,OPERATOR_CONFIRMED,UNKNOWN,UNKNOWN,OPERATOR_CONFIRMED,UNKNOWN,UNKNOWN,UNKNOWN,UNKNOWN,,OPERATOR_CONFIRMED,user-approved field survey unknown confirmation 2026-06-01
block-330,330,NAVY,3F,THIRD_BASE,jamsil-facility-restroom-3f-d10,D10 근처 / GS25 / 프랭크버거 인근,3F,UNKNOWN,UNKNOWN,UNKNOWN,OPERATOR_CONFIRMED,UNKNOWN,UNKNOWN,OPERATOR_CONFIRMED,UNKNOWN,UNKNOWN,UNKNOWN,UNKNOWN,,OPERATOR_CONFIRMED,user-approved field survey unknown confirmation 2026-06-01
block-331,331,NAVY,3F,THIRD_BASE,jamsil-facility-restroom-3f-d10,D10 근처 / GS25 / 프랭크버거 인근,3F,UNKNOWN,UNKNOWN,UNKNOWN,OPERATOR_CONFIRMED,UNKNOWN,UNKNOWN,OPERATOR_CONFIRMED,UNKNOWN,UNKNOWN,UNKNOWN,UNKNOWN,,OPERATOR_CONFIRMED,user-approved field survey unknown confirmation 2026-06-01
block-332,332,NAVY,3F,THIRD_BASE,jamsil-facility-restroom-3f-d10,D10 근처 / GS25 / 프랭크버거 인근,3F,UNKNOWN,UNKNOWN,UNKNOWN,OPERATOR_CONFIRMED,UNKNOWN,UNKNOWN,OPERATOR_CONFIRMED,UNKNOWN,UNKNOWN,UNKNOWN,UNKNOWN,,OPERATOR_CONFIRMED,user-approved field survey unknown confirmation 2026-06-01
block-333,333,NAVY,3F,THIRD_BASE,jamsil-facility-restroom-3f-d10,D10 근처 / GS25 / 프랭크버거 인근,3F,UNKNOWN,UNKNOWN,UNKNOWN,OPERATOR_CONFIRMED,UNKNOWN,UNKNOWN,OPERATOR_CONFIRMED,UNKNOWN,UNKNOWN,UNKNOWN,UNKNOWN,,OPERATOR_CONFIRMED,user-approved field survey unknown confirmation 2026-06-01
block-334,334,NAVY,3F,THIRD_BASE,jamsil-facility-restroom-3f-d10,D10 근처 / GS25 / 프랭크버거 인근,3F,UNKNOWN,UNKNOWN,UNKNOWN,OPERATOR_CONFIRMED,UNKNOWN,UNKNOWN,OPERATOR_CONFIRMED,UNKNOWN,UNKNOWN,UNKNOWN,UNKNOWN,,OPERATOR_CONFIRMED,user-approved field survey unknown confirmation 2026-06-01
block-401,401,OUTFIELD,OUTFIELD,OUTFIELD,jamsil-facility-restroom-1f-401,401 섹션 근처 / GS25 / 무인발권기 인근,1F,OUTFIELD,UNKNOWN,UNKNOWN,OPERATOR_CONFIRMED,UNKNOWN,UNKNOWN,OPERATOR_CONFIRMED,UNKNOWN,UNKNOWN,UNKNOWN,UNKNOWN,,OPERATOR_CONFIRMED,user-approved field survey unknown confirmation 2026-06-01
block-402,402,OUTFIELD,OUTFIELD,OUTFIELD,jamsil-facility-restroom-1f-401,401 섹션 근처 / GS25 / 무인발권기 인근,1F,OUTFIELD,UNKNOWN,UNKNOWN,OPERATOR_CONFIRMED,UNKNOWN,UNKNOWN,OPERATOR_CONFIRMED,UNKNOWN,UNKNOWN,UNKNOWN,UNKNOWN,,OPERATOR_CONFIRMED,user-approved field survey unknown confirmation 2026-06-01
block-403,403,OUTFIELD,OUTFIELD,OUTFIELD,jamsil-facility-restroom-1f-401,401 섹션 근처 / GS25 / 무인발권기 인근,1F,OUTFIELD,UNKNOWN,UNKNOWN,OPERATOR_CONFIRMED,UNKNOWN,UNKNOWN,OPERATOR_CONFIRMED,UNKNOWN,UNKNOWN,UNKNOWN,UNKNOWN,,OPERATOR_CONFIRMED,user-approved field survey unknown confirmation 2026-06-01
block-404,404,OUTFIELD,OUTFIELD,OUTFIELD,jamsil-facility-restroom-1f-401,401 섹션 근처 / GS25 / 무인발권기 인근,1F,OUTFIELD,UNKNOWN,UNKNOWN,OPERATOR_CONFIRMED,UNKNOWN,UNKNOWN,OPERATOR_CONFIRMED,UNKNOWN,UNKNOWN,UNKNOWN,UNKNOWN,,OPERATOR_CONFIRMED,user-approved field survey unknown confirmation 2026-06-01
block-405,405,OUTFIELD_CHEER,OUTFIELD,OUTFIELD,jamsil-facility-restroom-1f-401,401 섹션 근처 / GS25 / 무인발권기 인근,1F,OUTFIELD,UNKNOWN,UNKNOWN,OPERATOR_CONFIRMED,UNKNOWN,UNKNOWN,OPERATOR_CONFIRMED,UNKNOWN,UNKNOWN,UNKNOWN,UNKNOWN,,OPERATOR_CONFIRMED,user-approved field survey unknown confirmation 2026-06-01
block-406,406,OUTFIELD_CHEER,OUTFIELD,OUTFIELD,jamsil-facility-restroom-1f-401,401 섹션 근처 / GS25 / 무인발권기 인근,1F,OUTFIELD,UNKNOWN,UNKNOWN,OPERATOR_CONFIRMED,UNKNOWN,UNKNOWN,OPERATOR_CONFIRMED,UNKNOWN,UNKNOWN,UNKNOWN,UNKNOWN,,OPERATOR_CONFIRMED,user-approved field survey unknown confirmation 2026-06-01
block-407,407,OUTFIELD_CHEER,OUTFIELD,OUTFIELD,jamsil-facility-restroom-1f-401,401 섹션 근처 / GS25 / 무인발권기 인근,1F,OUTFIELD,UNKNOWN,UNKNOWN,OPERATOR_CONFIRMED,UNKNOWN,UNKNOWN,OPERATOR_CONFIRMED,UNKNOWN,UNKNOWN,UNKNOWN,UNKNOWN,,OPERATOR_CONFIRMED,user-approved field survey unknown confirmation 2026-06-01
block-408,408,OUTFIELD_CHEER,OUTFIELD,OUTFIELD,jamsil-facility-restroom-1f-401,401 섹션 근처 / GS25 / 무인발권기 인근,1F,OUTFIELD,UNKNOWN,UNKNOWN,OPERATOR_CONFIRMED,UNKNOWN,UNKNOWN,OPERATOR_CONFIRMED,UNKNOWN,UNKNOWN,UNKNOWN,UNKNOWN,,OPERATOR_CONFIRMED,user-approved field survey unknown confirmation 2026-06-01
block-409,409,OUTFIELD,OUTFIELD,OUTFIELD,jamsil-facility-restroom-1f-401,401 섹션 근처 / GS25 / 무인발권기 인근,1F,OUTFIELD,UNKNOWN,UNKNOWN,OPERATOR_CONFIRMED,UNKNOWN,UNKNOWN,OPERATOR_CONFIRMED,UNKNOWN,UNKNOWN,UNKNOWN,UNKNOWN,,OPERATOR_CONFIRMED,user-approved field survey unknown confirmation 2026-06-01
block-410,410,OUTFIELD,OUTFIELD,OUTFIELD,jamsil-facility-restroom-1f-401,401 섹션 근처 / GS25 / 무인발권기 인근,1F,OUTFIELD,UNKNOWN,UNKNOWN,OPERATOR_CONFIRMED,UNKNOWN,UNKNOWN,OPERATOR_CONFIRMED,UNKNOWN,UNKNOWN,UNKNOWN,UNKNOWN,,OPERATOR_CONFIRMED,user-approved field survey unknown confirmation 2026-06-01
block-411,411,OUTFIELD,OUTFIELD,OUTFIELD,jamsil-facility-restroom-1f-401,401 섹션 근처 / GS25 / 무인발권기 인근,1F,OUTFIELD,UNKNOWN,UNKNOWN,OPERATOR_CONFIRMED,UNKNOWN,UNKNOWN,OPERATOR_CONFIRMED,UNKNOWN,UNKNOWN,UNKNOWN,UNKNOWN,,OPERATOR_CONFIRMED,user-approved field survey unknown confirmation 2026-06-01
block-412,412,OUTFIELD,OUTFIELD,OUTFIELD,jamsil-facility-restroom-3b-outer,잠실야구장 3루 외곽 공중화장실,OUTSIDE,THIRD_BASE,YES,UNKNOWN,OPERATOR_CONFIRMED,UNKNOWN,UNKNOWN,OPERATOR_CONFIRMED,UNKNOWN,UNKNOWN,UNKNOWN,UNKNOWN,,OPERATOR_CONFIRMED,user-approved field survey unknown confirmation 2026-06-01
block-413,413,OUTFIELD,OUTFIELD,OUTFIELD,jamsil-facility-restroom-3b-outer,잠실야구장 3루 외곽 공중화장실,OUTSIDE,THIRD_BASE,YES,UNKNOWN,OPERATOR_CONFIRMED,UNKNOWN,UNKNOWN,OPERATOR_CONFIRMED,UNKNOWN,UNKNOWN,UNKNOWN,UNKNOWN,,OPERATOR_CONFIRMED,user-approved field survey unknown confirmation 2026-06-01
block-414,414,OUTFIELD,OUTFIELD,OUTFIELD,jamsil-facility-restroom-3b-outer,잠실야구장 3루 외곽 공중화장실,OUTSIDE,THIRD_BASE,YES,UNKNOWN,OPERATOR_CONFIRMED,UNKNOWN,UNKNOWN,OPERATOR_CONFIRMED,UNKNOWN,UNKNOWN,UNKNOWN,UNKNOWN,,OPERATOR_CONFIRMED,user-approved field survey unknown confirmation 2026-06-01
block-415,415,OUTFIELD,OUTFIELD,OUTFIELD,jamsil-facility-restroom-3b-outer,잠실야구장 3루 외곽 공중화장실,OUTSIDE,THIRD_BASE,YES,UNKNOWN,OPERATOR_CONFIRMED,UNKNOWN,UNKNOWN,OPERATOR_CONFIRMED,UNKNOWN,UNKNOWN,UNKNOWN,UNKNOWN,,OPERATOR_CONFIRMED,user-approved field survey unknown confirmation 2026-06-01
block-416,416,OUTFIELD,OUTFIELD,OUTFIELD,jamsil-facility-restroom-3b-outer,잠실야구장 3루 외곽 공중화장실,OUTSIDE,THIRD_BASE,YES,UNKNOWN,OPERATOR_CONFIRMED,UNKNOWN,UNKNOWN,OPERATOR_CONFIRMED,UNKNOWN,UNKNOWN,UNKNOWN,UNKNOWN,,OPERATOR_CONFIRMED,user-approved field survey unknown confirmation 2026-06-01
block-417,417,OUTFIELD,OUTFIELD,OUTFIELD,jamsil-facility-restroom-3b-outer,잠실야구장 3루 외곽 공중화장실,OUTSIDE,THIRD_BASE,YES,UNKNOWN,OPERATOR_CONFIRMED,UNKNOWN,UNKNOWN,OPERATOR_CONFIRMED,UNKNOWN,UNKNOWN,UNKNOWN,UNKNOWN,,OPERATOR_CONFIRMED,user-approved field survey unknown confirmation 2026-06-01
block-418,418,OUTFIELD,OUTFIELD,OUTFIELD,jamsil-facility-restroom-3b-outer,잠실야구장 3루 외곽 공중화장실,OUTSIDE,THIRD_BASE,YES,UNKNOWN,OPERATOR_CONFIRMED,UNKNOWN,UNKNOWN,OPERATOR_CONFIRMED,UNKNOWN,UNKNOWN,UNKNOWN,UNKNOWN,,OPERATOR_CONFIRMED,user-approved field survey unknown confirmation 2026-06-01
block-419,419,OUTFIELD,OUTFIELD,OUTFIELD,jamsil-facility-restroom-3b-outer,잠실야구장 3루 외곽 공중화장실,OUTSIDE,THIRD_BASE,YES,UNKNOWN,OPERATOR_CONFIRMED,UNKNOWN,UNKNOWN,OPERATOR_CONFIRMED,UNKNOWN,UNKNOWN,UNKNOWN,UNKNOWN,,OPERATOR_CONFIRMED,user-approved field survey unknown confirmation 2026-06-01
block-420,420,OUTFIELD,OUTFIELD,OUTFIELD,jamsil-facility-restroom-3b-outer,잠실야구장 3루 외곽 공중화장실,OUTSIDE,THIRD_BASE,YES,UNKNOWN,OPERATOR_CONFIRMED,UNKNOWN,UNKNOWN,OPERATOR_CONFIRMED,UNKNOWN,UNKNOWN,UNKNOWN,UNKNOWN,,OPERATOR_CONFIRMED,user-approved field survey unknown confirmation 2026-06-01
block-421,421,OUTFIELD,OUTFIELD,OUTFIELD,jamsil-facility-restroom-3b-outer,잠실야구장 3루 외곽 공중화장실,OUTSIDE,THIRD_BASE,YES,UNKNOWN,OPERATOR_CONFIRMED,UNKNOWN,UNKNOWN,OPERATOR_CONFIRMED,UNKNOWN,UNKNOWN,UNKNOWN,UNKNOWN,,OPERATOR_CONFIRMED,user-approved field survey unknown confirmation 2026-06-01
block-422,422,OUTFIELD,OUTFIELD,OUTFIELD,jamsil-facility-restroom-3b-outer,잠실야구장 3루 외곽 공중화장실,OUTSIDE,THIRD_BASE,YES,UNKNOWN,OPERATOR_CONFIRMED,UNKNOWN,UNKNOWN,OPERATOR_CONFIRMED,UNKNOWN,UNKNOWN,UNKNOWN,UNKNOWN,,OPERATOR_CONFIRMED,user-approved field survey unknown confirmation 2026-06-01
premium-center,테라존,PREMIUM,1F,CENTER,jamsil-facility-restroom-public-stadium,잠실야구장 공중화장실 기본 정보,OUTSIDE,CENTER,UNKNOWN,UNKNOWN,OPERATOR_CONFIRMED,UNKNOWN,UNKNOWN,OPERATOR_CONFIRMED,UNKNOWN,UNKNOWN,UNKNOWN,UNKNOWN,,OPERATOR_CONFIRMED,user-approved field survey unknown confirmation 2026-06-01
exciting-first,1루 익사이팅존,EXCITING,1F,FIRST_BASE,jamsil-facility-restroom-1f-101,101 섹션 근처 / GS25 / BBQ 인근,1F,FIRST_BASE,UNKNOWN,UNKNOWN,OPERATOR_CONFIRMED,UNKNOWN,UNKNOWN,OPERATOR_CONFIRMED,UNKNOWN,UNKNOWN,UNKNOWN,UNKNOWN,,OPERATOR_CONFIRMED,user-approved field survey unknown confirmation 2026-06-01
exciting-third,3루 익사이팅존,EXCITING,1F,THIRD_BASE,jamsil-facility-restroom-1f-223,223 섹션 근처 / 광장식당 / KFC 인근,1F,THIRD_BASE,UNKNOWN,UNKNOWN,OPERATOR_CONFIRMED,UNKNOWN,UNKNOWN,OPERATOR_CONFIRMED,UNKNOWN,UNKNOWN,UNKNOWN,UNKNOWN,,OPERATOR_CONFIRMED,user-approved field survey unknown confirmation 2026-06-01
accessible-first,101B / 102B / 109B,ACCESSIBLE,2F,FIRST_BASE,jamsil-facility-restroom-2f-gate-2-3,GATE 2-3 근처 / 트윈스 굿즈샵 / 트윈스존 인근,2F,FIRST_BASE,UNKNOWN,UNKNOWN,OPERATOR_CONFIRMED,UNKNOWN,UNKNOWN,OPERATOR_CONFIRMED,UNKNOWN,UNKNOWN,UNKNOWN,UNKNOWN,,OPERATOR_CONFIRMED,user-approved field survey unknown confirmation 2026-06-01
accessible-third,114B / 121B / 122B,ACCESSIBLE,2F,THIRD_BASE,jamsil-facility-restroom-2f-gate-2-1,GATE 2-1 근처 / BHC / 카페그라운드 인근,2F,THIRD_BASE,UNKNOWN,UNKNOWN,OPERATOR_CONFIRMED,UNKNOWN,UNKNOWN,OPERATOR_CONFIRMED,UNKNOWN,UNKNOWN,UNKNOWN,UNKNOWN,,OPERATOR_CONFIRMED,user-approved field survey unknown confirmation 2026-06-01
