candidateZoneId,candidateStoreName,candidateFloor,candidateSide,candidateLocationText,candidateSourceDocumentId,candidateStatus,runtimeExposure,operatorFacilityId,operatorNearSectionIds,operatorLocationText,operatorOpenStatus,operatorAccessible,operatorWalkingMinutes,operatorVerificationStatus,reviewerNote
JAMSIL_FOOD_1F_3B_OUTSIDE,카페희다,1,THIRD_BASE,1층 외부 / 3루 내야 출입구 / Gate 1-3 주변,jamsil-secondary-map-derived-20260531-user-paste-v1,SECONDARY_MAP_DERIVED_NEEDS_CONFIRMATION,DISABLED_UNTIL_OPERATOR_CONFIRMED,jamsil-facility-concession-food-002,block-114;block-115;block-116;block-117;block-118;block-119;block-120;block-121;block-122,1층 외부 / 3루 내야 출입구 / Gate 1-3 주변,UNKNOWN,UNKNOWN,UNKNOWN,OPERATOR_CONFIRMED,user-provided operator confirmation 2026-05-31
JAMSIL_FOOD_1F_3B_OUTSIDE,BHC,1,THIRD_BASE,1층 외부 / 3루 내야 출입구 / Gate 1-3 주변,jamsil-secondary-map-derived-20260531-user-paste-v1,SECONDARY_MAP_DERIVED_NEEDS_CONFIRMATION,DISABLED_UNTIL_OPERATOR_CONFIRMED,jamsil-facility-concession-food-003,block-114;block-115;block-116;block-117;block-118;block-119;block-120;block-121;block-122,1층 외부 / 3루 내야 출입구 / Gate 1-3 주변,UNKNOWN,UNKNOWN,UNKNOWN,OPERATOR_CONFIRMED,user-provided operator confirmation 2026-05-31
JAMSIL_FOOD_1F_3B_OUTSIDE,델리스푼/미스터피자,1,THIRD_BASE,1층 외부 / 3루 내야 출입구 / Gate 1-3 주변,jamsil-secondary-map-derived-20260531-user-paste-v1,SECONDARY_MAP_DERIVED_NEEDS_CONFIRMATION,DISABLED_UNTIL_OPERATOR_CONFIRMED,jamsil-facility-concession-food-004,block-114;block-115;block-116;block-117;block-118;block-119;block-120;block-121;block-122,1층 외부 / 3루 내야 출입구 / Gate 1-3 주변,UNKNOWN,UNKNOWN,UNKNOWN,OPERATOR_CONFIRMED,user-provided operator confirmation 2026-05-31
JAMSIL_FOOD_1F_3B_OUTSIDE,GS25,1,THIRD_BASE,1층 외부 / 3루 내야 출입구 / Gate 1-3 주변,jamsil-secondary-map-derived-20260531-user-paste-v1,SECONDARY_MAP_DERIVED_NEEDS_CONFIRMATION,DISABLED_UNTIL_OPERATOR_CONFIRMED,jamsil-facility-concession-food-005,block-114;block-115;block-116;block-117;block-118;block-119;block-120;block-121;block-122,1층 외부 / 3루 내야 출입구 / Gate 1-3 주변,UNKNOWN,UNKNOWN,UNKNOWN,OPERATOR_CONFIRMED,user-provided operator confirmation 2026-05-31
JAMSIL_FOOD_1F_3B_OUTSIDE,한식 분식,1,THIRD_BASE,1층 외부 / 3루 내야 출입구 / Gate 1-3 주변,jamsil-secondary-map-derived-20260531-user-paste-v1,SECONDARY_MAP_DERIVED_NEEDS_CONFIRMATION,DISABLED_UNTIL_OPERATOR_CONFIRMED,jamsil-facility-concession-food-006,block-114;block-115;block-116;block-117;block-118;block-119;block-120;block-121;block-122,1층 외부 / 3루 내야 출입구 / Gate 1-3 주변,UNKNOWN,UNKNOWN,UNKNOWN,OPERATOR_CONFIRMED,user-provided operator confirmation 2026-05-31
JAMSIL_FOOD_1F_3B_OUTSIDE,맘스터치,1,THIRD_BASE,1층 외부 / 3루 내야 출입구 / Gate 1-3 주변,jamsil-secondary-map-derived-20260531-user-paste-v1,SECONDARY_MAP_DERIVED_NEEDS_CONFIRMATION,DISABLED_UNTIL_OPERATOR_CONFIRMED,jamsil-facility-concession-food-007,block-114;block-115;block-116;block-117;block-118;block-119;block-120;block-121;block-122,1층 외부 / 3루 내야 출입구 / Gate 1-3 주변,UNKNOWN,UNKNOWN,UNKNOWN,OPERATOR_CONFIRMED,user-provided operator confirmation 2026-05-31
JAMSIL_FOOD_1F_3B_OUTSIDE,BBQ,1,THIRD_BASE,1층 외부 / 3루 내야 출입구 / Gate 1-3 주변,jamsil-secondary-map-derived-20260531-user-paste-v1,SECONDARY_MAP_DERIVED_NEEDS_CONFIRMATION,DISABLED_UNTIL_OPERATOR_CONFIRMED,jamsil-facility-concession-food-008,block-114;block-115;block-116;block-117;block-118;block-119;block-120;block-121;block-122,1층 외부 / 3루 내야 출입구 / Gate 1-3 주변,UNKNOWN,UNKNOWN,UNKNOWN,OPERATOR_CONFIRMED,user-provided operator confirmation 2026-05-31
JAMSIL_FOOD_1F_1B_OUTSIDE,도미노피자,1,FIRST_BASE,1층 외부 / 1루 내야 출입구 / Gate 1-2 주변,jamsil-secondary-map-derived-20260531-user-paste-v1,SECONDARY_MAP_DERIVED_NEEDS_CONFIRMATION,DISABLED_UNTIL_OPERATOR_CONFIRMED,jamsil-facility-concession-food-009,block-101;block-102;block-103;block-104;block-105;block-106;block-107;block-108;block-109;block-110;block-111;block-112;block-113,1층 외부 / 1루 내야 출입구 / Gate 1-2 주변,UNKNOWN,UNKNOWN,UNKNOWN,OPERATOR_CONFIRMED,user-provided operator confirmation 2026-05-31
JAMSIL_FOOD_1F_1B_OUTSIDE,광장식당,1,FIRST_BASE,1층 외부 / 1루 내야 출입구 / Gate 1-2 주변,jamsil-secondary-map-derived-20260531-user-paste-v1,SECONDARY_MAP_DERIVED_NEEDS_CONFIRMATION,DISABLED_UNTIL_OPERATOR_CONFIRMED,jamsil-facility-concession-food-010,block-101;block-102;block-103;block-104;block-105;block-106;block-107;block-108;block-109;block-110;block-111;block-112;block-113,1층 외부 / 1루 내야 출입구 / Gate 1-2 주변,UNKNOWN,UNKNOWN,UNKNOWN,OPERATOR_CONFIRMED,user-provided operator confirmation 2026-05-31
JAMSIL_FOOD_1F_1B_OUTSIDE,KFC,1,FIRST_BASE,1층 외부 / 1루 내야 출입구 / Gate 1-2 주변,jamsil-secondary-map-derived-20260531-user-paste-v1,SECONDARY_MAP_DERIVED_NEEDS_CONFIRMATION,DISABLED_UNTIL_OPERATOR_CONFIRMED,jamsil-facility-concession-food-011,block-101;block-102;block-103;block-104;block-105;block-106;block-107;block-108;block-109;block-110;block-111;block-112;block-113,1층 외부 / 1루 내야 출입구 / Gate 1-2 주변,UNKNOWN,UNKNOWN,UNKNOWN,OPERATOR_CONFIRMED,user-provided operator confirmation 2026-05-31
JAMSIL_FOOD_1F_1B_OUTSIDE,꼬꼬닭,1,FIRST_BASE,1층 외부 / 1루 내야 출입구 / Gate 1-2 주변,jamsil-secondary-map-derived-20260531-user-paste-v1,SECONDARY_MAP_DERIVED_NEEDS_CONFIRMATION,DISABLED_UNTIL_OPERATOR_CONFIRMED,jamsil-facility-concession-food-012,block-101;block-102;block-103;block-104;block-105;block-106;block-107;block-108;block-109;block-110;block-111;block-112;block-113,1층 외부 / 1루 내야 출입구 / Gate 1-2 주변,UNKNOWN,UNKNOWN,UNKNOWN,OPERATOR_CONFIRMED,user-provided operator confirmation 2026-05-31
JAMSIL_FOOD_1F_1B_OUTSIDE,GS25,1,FIRST_BASE,1층 외부 / 1루 내야 출입구 / Gate 1-2 주변,jamsil-secondary-map-derived-20260531-user-paste-v1,SECONDARY_MAP_DERIVED_NEEDS_CONFIRMATION,DISABLED_UNTIL_OPERATOR_CONFIRMED,jamsil-facility-concession-food-013,block-101;block-102;block-103;block-104;block-105;block-106;block-107;block-108;block-109;block-110;block-111;block-112;block-113,1층 외부 / 1루 내야 출입구 / Gate 1-2 주변,UNKNOWN,UNKNOWN,UNKNOWN,OPERATOR_CONFIRMED,user-provided operator confirmation 2026-05-31
JAMSIL_FOOD_OUTFIELD_BACKSIDE,수내닭꼬치,1,OUTFIELD,외야 전광판 뒤쪽 / 외야 중앙부,jamsil-secondary-map-derived-20260531-user-paste-v1,SECONDARY_MAP_DERIVED_NEEDS_CONFIRMATION,DISABLED_UNTIL_OPERATOR_CONFIRMED,jamsil-facility-concession-food-014,block-401;block-402;block-403;block-404;block-405;block-406;block-407;block-408;block-409;block-410;block-411;block-412;block-413;block-414;block-415;block-416;block-417;block-418;block-419;block-420;block-421;block-422,외야 전광판 뒤쪽 / 외야 중앙부,UNKNOWN,UNKNOWN,UNKNOWN,OPERATOR_CONFIRMED,user-provided operator confirmation 2026-05-31
JAMSIL_FOOD_OUTFIELD_BACKSIDE,명인만두,1,OUTFIELD,외야 전광판 뒤쪽 / 외야 중앙부,jamsil-secondary-map-derived-20260531-user-paste-v1,SECONDARY_MAP_DERIVED_NEEDS_CONFIRMATION,DISABLED_UNTIL_OPERATOR_CONFIRMED,jamsil-facility-concession-food-015,block-401;block-402;block-403;block-404;block-405;block-406;block-407;block-408;block-409;block-410;block-411;block-412;block-413;block-414;block-415;block-416;block-417;block-418;block-419;block-420;block-421;block-422,외야 전광판 뒤쪽 / 외야 중앙부,UNKNOWN,UNKNOWN,UNKNOWN,OPERATOR_CONFIRMED,user-provided operator confirmation 2026-05-31
JAMSIL_FOOD_OUTFIELD_BACKSIDE,맘스터치,1,OUTFIELD,외야 전광판 뒤쪽 / 외야 중앙부,jamsil-secondary-map-derived-20260531-user-paste-v1,SECONDARY_MAP_DERIVED_NEEDS_CONFIRMATION,DISABLED_UNTIL_OPERATOR_CONFIRMED,jamsil-facility-concession-food-016,block-401;block-402;block-403;block-404;block-405;block-406;block-407;block-408;block-409;block-410;block-411;block-412;block-413;block-414;block-415;block-416;block-417;block-418;block-419;block-420;block-421;block-422,외야 전광판 뒤쪽 / 외야 중앙부,UNKNOWN,UNKNOWN,UNKNOWN,OPERATOR_CONFIRMED,user-provided operator confirmation 2026-05-31
JAMSIL_FOOD_OUTFIELD_BACKSIDE,BBQ,1,OUTFIELD,외야 전광판 뒤쪽 / 외야 중앙부,jamsil-secondary-map-derived-20260531-user-paste-v1,SECONDARY_MAP_DERIVED_NEEDS_CONFIRMATION,DISABLED_UNTIL_OPERATOR_CONFIRMED,jamsil-facility-concession-food-017,block-401;block-402;block-403;block-404;block-405;block-406;block-407;block-408;block-409;block-410;block-411;block-412;block-413;block-414;block-415;block-416;block-417;block-418;block-419;block-420;block-421;block-422,외야 전광판 뒤쪽 / 외야 중앙부,UNKNOWN,UNKNOWN,UNKNOWN,OPERATOR_CONFIRMED,user-provided operator confirmation 2026-05-31
JAMSIL_FOOD_OUTFIELD_BACKSIDE,GS25,1,OUTFIELD,외야 전광판 뒤쪽 / 외야 중앙부,jamsil-secondary-map-derived-20260531-user-paste-v1,SECONDARY_MAP_DERIVED_NEEDS_CONFIRMATION,DISABLED_UNTIL_OPERATOR_CONFIRMED,jamsil-facility-concession-food-018,block-401;block-402;block-403;block-404;block-405;block-406;block-407;block-408;block-409;block-410;block-411;block-412;block-413;block-414;block-415;block-416;block-417;block-418;block-419;block-420;block-421;block-422,외야 전광판 뒤쪽 / 외야 중앙부,UNKNOWN,UNKNOWN,UNKNOWN,OPERATOR_CONFIRMED,user-provided operator confirmation 2026-05-31
JAMSIL_FOOD_OUTFIELD_BACKSIDE,트윈스팀스토어,1,OUTFIELD,외야 전광판 뒤쪽 / 외야 중앙부,jamsil-secondary-map-derived-20260531-user-paste-v1,SECONDARY_MAP_DERIVED_NEEDS_CONFIRMATION,DISABLED_UNTIL_OPERATOR_CONFIRMED,jamsil-facility-concession-food-019,block-401;block-402;block-403;block-404;block-405;block-406;block-407;block-408;block-409;block-410;block-411;block-412;block-413;block-414;block-415;block-416;block-417;block-418;block-419;block-420;block-421;block-422,외야 전광판 뒤쪽 / 외야 중앙부,UNKNOWN,UNKNOWN,UNKNOWN,OPERATOR_CONFIRMED,user-provided operator confirmation 2026-05-31
JAMSIL_FOOD_OUTFIELD_BACKSIDE,베어스하우스,1,OUTFIELD,외야 전광판 뒤쪽 / 외야 중앙부,jamsil-secondary-map-derived-20260531-user-paste-v1,SECONDARY_MAP_DERIVED_NEEDS_CONFIRMATION,DISABLED_UNTIL_OPERATOR_CONFIRMED,jamsil-facility-concession-food-020,block-401;block-402;block-403;block-404;block-405;block-406;block-407;block-408;block-409;block-410;block-411;block-412;block-413;block-414;block-415;block-416;block-417;block-418;block-419;block-420;block-421;block-422,외야 전광판 뒤쪽 / 외야 중앙부,UNKNOWN,UNKNOWN,UNKNOWN,OPERATOR_CONFIRMED,user-provided operator confirmation 2026-05-31
JAMSIL_FOOD_2F_3B_CONCOURSE,BHC,2,THIRD_BASE,2층 3루 내야 콘코스,jamsil-secondary-map-derived-20260531-user-paste-v1,SECONDARY_MAP_DERIVED_NEEDS_CONFIRMATION,DISABLED_UNTIL_OPERATOR_CONFIRMED,jamsil-facility-concession-food-021,block-214;block-215;block-216;block-217;block-218;block-219;block-220;block-221;block-222;block-223;block-224;block-225;block-226,2층 3루 내야 콘코스,UNKNOWN,UNKNOWN,UNKNOWN,OPERATOR_CONFIRMED,user-provided operator confirmation 2026-05-31
JAMSIL_FOOD_2F_3B_CONCOURSE,카페그라운드,2,THIRD_BASE,2층 3루 내야 콘코스,jamsil-secondary-map-derived-20260531-user-paste-v1,SECONDARY_MAP_DERIVED_NEEDS_CONFIRMATION,DISABLED_UNTIL_OPERATOR_CONFIRMED,jamsil-facility-concession-food-022,block-214;block-215;block-216;block-217;block-218;block-219;block-220;block-221;block-222;block-223;block-224;block-225;block-226,2층 3루 내야 콘코스,UNKNOWN,UNKNOWN,UNKNOWN,OPERATOR_CONFIRMED,user-provided operator confirmation 2026-05-31
JAMSIL_FOOD_2F_3B_CONCOURSE,피자헛,2,THIRD_BASE,2층 3루 내야 콘코스,jamsil-secondary-map-derived-20260531-user-paste-v1,SECONDARY_MAP_DERIVED_NEEDS_CONFIRMATION,DISABLED_UNTIL_OPERATOR_CONFIRMED,jamsil-facility-concession-food-023,block-214;block-215;block-216;block-217;block-218;block-219;block-220;block-221;block-222;block-223;block-224;block-225;block-226,2층 3루 내야 콘코스,UNKNOWN,UNKNOWN,UNKNOWN,OPERATOR_CONFIRMED,user-provided operator confirmation 2026-05-31
JAMSIL_FOOD_2F_3B_CONCOURSE,명인만두,2,THIRD_BASE,2층 3루 내야 콘코스,jamsil-secondary-map-derived-20260531-user-paste-v1,SECONDARY_MAP_DERIVED_NEEDS_CONFIRMATION,DISABLED_UNTIL_OPERATOR_CONFIRMED,jamsil-facility-concession-food-024,block-214;block-215;block-216;block-217;block-218;block-219;block-220;block-221;block-222;block-223;block-224;block-225;block-226,2층 3루 내야 콘코스,UNKNOWN,UNKNOWN,UNKNOWN,OPERATOR_CONFIRMED,user-provided operator confirmation 2026-05-31
JAMSIL_FOOD_2F_3B_CONCOURSE,죠스떡볶이,2,THIRD_BASE,2층 3루 내야 콘코스,jamsil-secondary-map-derived-20260531-user-paste-v1,SECONDARY_MAP_DERIVED_NEEDS_CONFIRMATION,DISABLED_UNTIL_OPERATOR_CONFIRMED,jamsil-facility-concession-food-025,block-214;block-215;block-216;block-217;block-218;block-219;block-220;block-221;block-222;block-223;block-224;block-225;block-226,2층 3루 내야 콘코스,UNKNOWN,UNKNOWN,UNKNOWN,OPERATOR_CONFIRMED,user-provided operator confirmation 2026-05-31
JAMSIL_FOOD_2F_3B_CONCOURSE,통밥,2,THIRD_BASE,2층 3루 내야 콘코스,jamsil-secondary-map-derived-20260531-user-paste-v1,SECONDARY_MAP_DERIVED_NEEDS_CONFIRMATION,DISABLED_UNTIL_OPERATOR_CONFIRMED,jamsil-facility-concession-food-026,block-214;block-215;block-216;block-217;block-218;block-219;block-220;block-221;block-222;block-223;block-224;block-225;block-226,2층 3루 내야 콘코스,UNKNOWN,UNKNOWN,UNKNOWN,OPERATOR_CONFIRMED,user-provided operator confirmation 2026-05-31
JAMSIL_FOOD_2F_3B_CONCOURSE,달콤,2,THIRD_BASE,2층 3루 내야 콘코스,jamsil-secondary-map-derived-20260531-user-paste-v1,SECONDARY_MAP_DERIVED_NEEDS_CONFIRMATION,DISABLED_UNTIL_OPERATOR_CONFIRMED,jamsil-facility-concession-food-027,block-214;block-215;block-216;block-217;block-218;block-219;block-220;block-221;block-222;block-223;block-224;block-225;block-226,2층 3루 내야 콘코스,UNKNOWN,UNKNOWN,UNKNOWN,OPERATOR_CONFIRMED,user-provided operator confirmation 2026-05-31
JAMSIL_FOOD_2F_3B_CONCOURSE,와팡,2,THIRD_BASE,2층 3루 내야 콘코스,jamsil-secondary-map-derived-20260531-user-paste-v1,SECONDARY_MAP_DERIVED_NEEDS_CONFIRMATION,DISABLED_UNTIL_OPERATOR_CONFIRMED,jamsil-facility-concession-food-028,block-214;block-215;block-216;block-217;block-218;block-219;block-220;block-221;block-222;block-223;block-224;block-225;block-226,2층 3루 내야 콘코스,UNKNOWN,UNKNOWN,UNKNOWN,OPERATOR_CONFIRMED,user-provided operator confirmation 2026-05-31
JAMSIL_FOOD_2F_3B_CONCOURSE,KFC,2,THIRD_BASE,2층 3루 내야 콘코스,jamsil-secondary-map-derived-20260531-user-paste-v1,SECONDARY_MAP_DERIVED_NEEDS_CONFIRMATION,DISABLED_UNTIL_OPERATOR_CONFIRMED,jamsil-facility-concession-food-029,block-214;block-215;block-216;block-217;block-218;block-219;block-220;block-221;block-222;block-223;block-224;block-225;block-226,2층 3루 내야 콘코스,UNKNOWN,UNKNOWN,UNKNOWN,OPERATOR_CONFIRMED,user-provided operator confirmation 2026-05-31
JAMSIL_FOOD_2F_3B_CONCOURSE,BBQ,2,THIRD_BASE,2층 3루 내야 콘코스,jamsil-secondary-map-derived-20260531-user-paste-v1,SECONDARY_MAP_DERIVED_NEEDS_CONFIRMATION,DISABLED_UNTIL_OPERATOR_CONFIRMED,jamsil-facility-concession-food-030,block-214;block-215;block-216;block-217;block-218;block-219;block-220;block-221;block-222;block-223;block-224;block-225;block-226,2층 3루 내야 콘코스,UNKNOWN,UNKNOWN,UNKNOWN,OPERATOR_CONFIRMED,user-provided operator confirmation 2026-05-31
JAMSIL_FOOD_2F_3B_CONCOURSE,GS25,2,THIRD_BASE,2층 3루 내야 콘코스,jamsil-secondary-map-derived-20260531-user-paste-v1,SECONDARY_MAP_DERIVED_NEEDS_CONFIRMATION,DISABLED_UNTIL_OPERATOR_CONFIRMED,jamsil-facility-concession-food-031,block-214;block-215;block-216;block-217;block-218;block-219;block-220;block-221;block-222;block-223;block-224;block-225;block-226,2층 3루 내야 콘코스,UNKNOWN,UNKNOWN,UNKNOWN,OPERATOR_CONFIRMED,user-provided operator confirmation 2026-05-31
JAMSIL_FOOD_2F_3B_CONCOURSE,원정 구단 상품샵,2,THIRD_BASE,2층 3루 내야 콘코스,jamsil-secondary-map-derived-20260531-user-paste-v1,SECONDARY_MAP_DERIVED_NEEDS_CONFIRMATION,DISABLED_UNTIL_OPERATOR_CONFIRMED,jamsil-facility-concession-food-032,block-214;block-215;block-216;block-217;block-218;block-219;block-220;block-221;block-222;block-223;block-224;block-225;block-226,2층 3루 내야 콘코스,UNKNOWN,UNKNOWN,UNKNOWN,OPERATOR_CONFIRMED,user-provided operator confirmation 2026-05-31
JAMSIL_FOOD_2F_3B_CONCOURSE,구단 상품샵,2,THIRD_BASE,2층 3루 내야 콘코스,jamsil-secondary-map-derived-20260531-user-paste-v1,SECONDARY_MAP_DERIVED_NEEDS_CONFIRMATION,DISABLED_UNTIL_OPERATOR_CONFIRMED,jamsil-facility-concession-food-033,block-214;block-215;block-216;block-217;block-218;block-219;block-220;block-221;block-222;block-223;block-224;block-225;block-226,2층 3루 내야 콘코스,UNKNOWN,UNKNOWN,UNKNOWN,OPERATOR_CONFIRMED,user-provided operator confirmation 2026-05-31
JAMSIL_FOOD_2F_1B_CONCOURSE,구단상품샵,2,FIRST_BASE,2층 1루 내야 콘코스,jamsil-secondary-map-derived-20260531-user-paste-v1,SECONDARY_MAP_DERIVED_NEEDS_CONFIRMATION,DISABLED_UNTIL_OPERATOR_CONFIRMED,jamsil-facility-concession-food-034,block-201;block-202;block-203;block-204;block-205;block-206;block-207;block-208;block-209;block-210;block-211;block-212;block-213,2층 1루 내야 콘코스,UNKNOWN,UNKNOWN,UNKNOWN,OPERATOR_CONFIRMED,user-provided operator confirmation 2026-05-31
JAMSIL_FOOD_2F_1B_CONCOURSE,GS25,2,FIRST_BASE,2층 1루 내야 콘코스,jamsil-secondary-map-derived-20260531-user-paste-v1,SECONDARY_MAP_DERIVED_NEEDS_CONFIRMATION,DISABLED_UNTIL_OPERATOR_CONFIRMED,jamsil-facility-concession-food-035,block-201;block-202;block-203;block-204;block-205;block-206;block-207;block-208;block-209;block-210;block-211;block-212;block-213,2층 1루 내야 콘코스,UNKNOWN,UNKNOWN,UNKNOWN,OPERATOR_CONFIRMED,user-provided operator confirmation 2026-05-31
JAMSIL_FOOD_2F_1B_CONCOURSE,BBQ,2,FIRST_BASE,2층 1루 내야 콘코스,jamsil-secondary-map-derived-20260531-user-paste-v1,SECONDARY_MAP_DERIVED_NEEDS_CONFIRMATION,DISABLED_UNTIL_OPERATOR_CONFIRMED,jamsil-facility-concession-food-036,block-201;block-202;block-203;block-204;block-205;block-206;block-207;block-208;block-209;block-210;block-211;block-212;block-213,2층 1루 내야 콘코스,UNKNOWN,UNKNOWN,UNKNOWN,OPERATOR_CONFIRMED,user-provided operator confirmation 2026-05-31
JAMSIL_FOOD_2F_1B_CONCOURSE,맘스터치,2,FIRST_BASE,2층 1루 내야 콘코스,jamsil-secondary-map-derived-20260531-user-paste-v1,SECONDARY_MAP_DERIVED_NEEDS_CONFIRMATION,DISABLED_UNTIL_OPERATOR_CONFIRMED,jamsil-facility-concession-food-037,block-201;block-202;block-203;block-204;block-205;block-206;block-207;block-208;block-209;block-210;block-211;block-212;block-213,2층 1루 내야 콘코스,UNKNOWN,UNKNOWN,UNKNOWN,OPERATOR_CONFIRMED,user-provided operator confirmation 2026-05-31
JAMSIL_FOOD_2F_1B_CONCOURSE,꼬꼬닭카페,2,FIRST_BASE,2층 1루 내야 콘코스,jamsil-secondary-map-derived-20260531-user-paste-v1,SECONDARY_MAP_DERIVED_NEEDS_CONFIRMATION,DISABLED_UNTIL_OPERATOR_CONFIRMED,jamsil-facility-concession-food-038,block-201;block-202;block-203;block-204;block-205;block-206;block-207;block-208;block-209;block-210;block-211;block-212;block-213,2층 1루 내야 콘코스,UNKNOWN,UNKNOWN,UNKNOWN,OPERATOR_CONFIRMED,user-provided operator confirmation 2026-05-31
JAMSIL_FOOD_2F_1B_CONCOURSE,안내데스크,2,FIRST_BASE,2층 1루 내야 콘코스,jamsil-secondary-map-derived-20260531-user-paste-v1,SECONDARY_MAP_DERIVED_NEEDS_CONFIRMATION,DISABLED_UNTIL_OPERATOR_CONFIRMED,jamsil-facility-concession-food-039,block-201;block-202;block-203;block-204;block-205;block-206;block-207;block-208;block-209;block-210;block-211;block-212;block-213,2층 1루 내야 콘코스,UNKNOWN,UNKNOWN,UNKNOWN,OPERATOR_CONFIRMED,user-provided operator confirmation 2026-05-31
JAMSIL_FOOD_2F_1B_CONCOURSE,공씨네주먹밥,2,FIRST_BASE,2층 1루 내야 콘코스,jamsil-secondary-map-derived-20260531-user-paste-v1,SECONDARY_MAP_DERIVED_NEEDS_CONFIRMATION,DISABLED_UNTIL_OPERATOR_CONFIRMED,jamsil-facility-concession-food-040,block-201;block-202;block-203;block-204;block-205;block-206;block-207;block-208;block-209;block-210;block-211;block-212;block-213,2층 1루 내야 콘코스,UNKNOWN,UNKNOWN,UNKNOWN,OPERATOR_CONFIRMED,user-provided operator confirmation 2026-05-31
JAMSIL_FOOD_2F_1B_CONCOURSE,Miss&Mr Potato,2,FIRST_BASE,2층 1루 내야 콘코스,jamsil-secondary-map-derived-20260531-user-paste-v1,SECONDARY_MAP_DERIVED_NEEDS_CONFIRMATION,DISABLED_UNTIL_OPERATOR_CONFIRMED,jamsil-facility-concession-food-041,block-201;block-202;block-203;block-204;block-205;block-206;block-207;block-208;block-209;block-210;block-211;block-212;block-213,2층 1루 내야 콘코스,UNKNOWN,UNKNOWN,UNKNOWN,OPERATOR_CONFIRMED,user-provided operator confirmation 2026-05-31
JAMSIL_FOOD_2F_1B_CONCOURSE,달콤커피,2,FIRST_BASE,2층 1루 내야 콘코스,jamsil-secondary-map-derived-20260531-user-paste-v1,SECONDARY_MAP_DERIVED_NEEDS_CONFIRMATION,DISABLED_UNTIL_OPERATOR_CONFIRMED,jamsil-facility-concession-food-042,block-201;block-202;block-203;block-204;block-205;block-206;block-207;block-208;block-209;block-210;block-211;block-212;block-213,2층 1루 내야 콘코스,UNKNOWN,UNKNOWN,UNKNOWN,OPERATOR_CONFIRMED,user-provided operator confirmation 2026-05-31
JAMSIL_FOOD_2F_1B_CONCOURSE,신철판,2,FIRST_BASE,2층 1루 내야 콘코스,jamsil-secondary-map-derived-20260531-user-paste-v1,SECONDARY_MAP_DERIVED_NEEDS_CONFIRMATION,DISABLED_UNTIL_OPERATOR_CONFIRMED,jamsil-facility-concession-food-043,block-201;block-202;block-203;block-204;block-205;block-206;block-207;block-208;block-209;block-210;block-211;block-212;block-213,2층 1루 내야 콘코스,UNKNOWN,UNKNOWN,UNKNOWN,OPERATOR_CONFIRMED,user-provided operator confirmation 2026-05-31
JAMSIL_FOOD_2F_1B_CONCOURSE,명인만두,2,FIRST_BASE,2층 1루 내야 콘코스,jamsil-secondary-map-derived-20260531-user-paste-v1,SECONDARY_MAP_DERIVED_NEEDS_CONFIRMATION,DISABLED_UNTIL_OPERATOR_CONFIRMED,jamsil-facility-concession-food-044,block-201;block-202;block-203;block-204;block-205;block-206;block-207;block-208;block-209;block-210;block-211;block-212;block-213,2층 1루 내야 콘코스,UNKNOWN,UNKNOWN,UNKNOWN,OPERATOR_CONFIRMED,user-provided operator confirmation 2026-05-31
JAMSIL_FOOD_2F_1B_CONCOURSE,백미당,2,FIRST_BASE,2층 1루 내야 콘코스,jamsil-secondary-map-derived-20260531-user-paste-v1,SECONDARY_MAP_DERIVED_NEEDS_CONFIRMATION,DISABLED_UNTIL_OPERATOR_CONFIRMED,jamsil-facility-concession-food-045,block-201;block-202;block-203;block-204;block-205;block-206;block-207;block-208;block-209;block-210;block-211;block-212;block-213,2층 1루 내야 콘코스,UNKNOWN,UNKNOWN,UNKNOWN,OPERATOR_CONFIRMED,user-provided operator confirmation 2026-05-31
JAMSIL_FOOD_2F_1B_CONCOURSE,맥주창고,2,FIRST_BASE,2층 1루 내야 콘코스,jamsil-secondary-map-derived-20260531-user-paste-v1,SECONDARY_MAP_DERIVED_NEEDS_CONFIRMATION,DISABLED_UNTIL_OPERATOR_CONFIRMED,jamsil-facility-concession-food-046,block-201;block-202;block-203;block-204;block-205;block-206;block-207;block-208;block-209;block-210;block-211;block-212;block-213,2층 1루 내야 콘코스,UNKNOWN,UNKNOWN,UNKNOWN,OPERATOR_CONFIRMED,user-provided operator confirmation 2026-05-31
JAMSIL_FOOD_2F_1B_CONCOURSE,죠스떡볶이,2,FIRST_BASE,2층 1루 내야 콘코스,jamsil-secondary-map-derived-20260531-user-paste-v1,SECONDARY_MAP_DERIVED_NEEDS_CONFIRMATION,DISABLED_UNTIL_OPERATOR_CONFIRMED,jamsil-facility-concession-food-047,block-201;block-202;block-203;block-204;block-205;block-206;block-207;block-208;block-209;block-210;block-211;block-212;block-213,2층 1루 내야 콘코스,UNKNOWN,UNKNOWN,UNKNOWN,OPERATOR_CONFIRMED,user-provided operator confirmation 2026-05-31
JAMSIL_FOOD_2F_1B_CONCOURSE,앤티앤스 프레즐,2,FIRST_BASE,2층 1루 내야 콘코스,jamsil-secondary-map-derived-20260531-user-paste-v1,SECONDARY_MAP_DERIVED_NEEDS_CONFIRMATION,DISABLED_UNTIL_OPERATOR_CONFIRMED,jamsil-facility-concession-food-048,block-201;block-202;block-203;block-204;block-205;block-206;block-207;block-208;block-209;block-210;block-211;block-212;block-213,2층 1루 내야 콘코스,UNKNOWN,UNKNOWN,UNKNOWN,OPERATOR_CONFIRMED,user-provided operator confirmation 2026-05-31
JAMSIL_FOOD_2F_1B_CONCOURSE,피자헛,2,FIRST_BASE,2층 1루 내야 콘코스,jamsil-secondary-map-derived-20260531-user-paste-v1,SECONDARY_MAP_DERIVED_NEEDS_CONFIRMATION,DISABLED_UNTIL_OPERATOR_CONFIRMED,jamsil-facility-concession-food-049,block-201;block-202;block-203;block-204;block-205;block-206;block-207;block-208;block-209;block-210;block-211;block-212;block-213,2층 1루 내야 콘코스,UNKNOWN,UNKNOWN,UNKNOWN,OPERATOR_CONFIRMED,user-provided operator confirmation 2026-05-31
JAMSIL_FOOD_2F_1B_CONCOURSE,BHC,2,FIRST_BASE,2층 1루 내야 콘코스,jamsil-secondary-map-derived-20260531-user-paste-v1,SECONDARY_MAP_DERIVED_NEEDS_CONFIRMATION,DISABLED_UNTIL_OPERATOR_CONFIRMED,jamsil-facility-concession-food-050,block-201;block-202;block-203;block-204;block-205;block-206;block-207;block-208;block-209;block-210;block-211;block-212;block-213,2층 1루 내야 콘코스,UNKNOWN,UNKNOWN,UNKNOWN,OPERATOR_CONFIRMED,user-provided operator confirmation 2026-05-31
JAMSIL_FOOD_3F_4F,GS25,3|4,MIXED,3층 및 4층 매점 후보,jamsil-secondary-map-derived-20260531-user-paste-v1,SECONDARY_MAP_DERIVED_NEEDS_CONFIRMATION,DISABLED_UNTIL_OPERATOR_CONFIRMED,jamsil-facility-concession-food-051,block-301;block-302;block-303;block-304;block-305;block-306;block-307;block-308;block-309;block-310;block-311;block-312;block-313;block-314;block-315;block-316;block-317;block-318;block-319;block-320;block-321;block-322;block-323;block-324;block-325;block-326;block-327;block-328;block-329;block-330;block-331;block-332;block-333;block-334;block-401;block-402;block-403;block-404;block-405;block-406;block-407;block-408;block-409;block-410;block-411;block-412;block-413;block-414;block-415;block-416;block-417;block-418;block-419;block-420;block-421;block-422,3층 및 4층 매점 후보,UNKNOWN,UNKNOWN,UNKNOWN,OPERATOR_CONFIRMED,user-provided operator confirmation 2026-05-31
JAMSIL_FOOD_3F_4F,스태프핫도그,3|4,MIXED,3층 및 4층 매점 후보,jamsil-secondary-map-derived-20260531-user-paste-v1,SECONDARY_MAP_DERIVED_NEEDS_CONFIRMATION,DISABLED_UNTIL_OPERATOR_CONFIRMED,jamsil-facility-concession-food-052,block-301;block-302;block-303;block-304;block-305;block-306;block-307;block-308;block-309;block-310;block-311;block-312;block-313;block-314;block-315;block-316;block-317;block-318;block-319;block-320;block-321;block-322;block-323;block-324;block-325;block-326;block-327;block-328;block-329;block-330;block-331;block-332;block-333;block-334;block-401;block-402;block-403;block-404;block-405;block-406;block-407;block-408;block-409;block-410;block-411;block-412;block-413;block-414;block-415;block-416;block-417;block-418;block-419;block-420;block-421;block-422,3층 및 4층 매점 후보,UNKNOWN,UNKNOWN,UNKNOWN,OPERATOR_CONFIRMED,user-provided operator confirmation 2026-05-31
JAMSIL_FOOD_3F_4F,KFC,3|4,MIXED,3층 및 4층 매점 후보,jamsil-secondary-map-derived-20260531-user-paste-v1,SECONDARY_MAP_DERIVED_NEEDS_CONFIRMATION,DISABLED_UNTIL_OPERATOR_CONFIRMED,jamsil-facility-concession-food-053,block-301;block-302;block-303;block-304;block-305;block-306;block-307;block-308;block-309;block-310;block-311;block-312;block-313;block-314;block-315;block-316;block-317;block-318;block-319;block-320;block-321;block-322;block-323;block-324;block-325;block-326;block-327;block-328;block-329;block-330;block-331;block-332;block-333;block-334;block-401;block-402;block-403;block-404;block-405;block-406;block-407;block-408;block-409;block-410;block-411;block-412;block-413;block-414;block-415;block-416;block-417;block-418;block-419;block-420;block-421;block-422,3층 및 4층 매점 후보,UNKNOWN,UNKNOWN,UNKNOWN,OPERATOR_CONFIRMED,user-provided operator confirmation 2026-05-31
JAMSIL_FOOD_3F_4F,와팡,3|4,MIXED,3층 및 4층 매점 후보,jamsil-secondary-map-derived-20260531-user-paste-v1,SECONDARY_MAP_DERIVED_NEEDS_CONFIRMATION,DISABLED_UNTIL_OPERATOR_CONFIRMED,jamsil-facility-concession-food-054,block-301;block-302;block-303;block-304;block-305;block-306;block-307;block-308;block-309;block-310;block-311;block-312;block-313;block-314;block-315;block-316;block-317;block-318;block-319;block-320;block-321;block-322;block-323;block-324;block-325;block-326;block-327;block-328;block-329;block-330;block-331;block-332;block-333;block-334;block-401;block-402;block-403;block-404;block-405;block-406;block-407;block-408;block-409;block-410;block-411;block-412;block-413;block-414;block-415;block-416;block-417;block-418;block-419;block-420;block-421;block-422,3층 및 4층 매점 후보,UNKNOWN,UNKNOWN,UNKNOWN,OPERATOR_CONFIRMED,user-provided operator confirmation 2026-05-31
JAMSIL_FOOD_3F_4F,BBQ,3|4,MIXED,3층 및 4층 매점 후보,jamsil-secondary-map-derived-20260531-user-paste-v1,SECONDARY_MAP_DERIVED_NEEDS_CONFIRMATION,DISABLED_UNTIL_OPERATOR_CONFIRMED,jamsil-facility-concession-food-055,block-301;block-302;block-303;block-304;block-305;block-306;block-307;block-308;block-309;block-310;block-311;block-312;block-313;block-314;block-315;block-316;block-317;block-318;block-319;block-320;block-321;block-322;block-323;block-324;block-325;block-326;block-327;block-328;block-329;block-330;block-331;block-332;block-333;block-334;block-401;block-402;block-403;block-404;block-405;block-406;block-407;block-408;block-409;block-410;block-411;block-412;block-413;block-414;block-415;block-416;block-417;block-418;block-419;block-420;block-421;block-422,3층 및 4층 매점 후보,UNKNOWN,UNKNOWN,UNKNOWN,OPERATOR_CONFIRMED,user-provided operator confirmation 2026-05-31
JAMSIL_FOOD_3F_4F,맘스터치,3|4,MIXED,3층 및 4층 매점 후보,jamsil-secondary-map-derived-20260531-user-paste-v1,SECONDARY_MAP_DERIVED_NEEDS_CONFIRMATION,DISABLED_UNTIL_OPERATOR_CONFIRMED,jamsil-facility-concession-food-056,block-301;block-302;block-303;block-304;block-305;block-306;block-307;block-308;block-309;block-310;block-311;block-312;block-313;block-314;block-315;block-316;block-317;block-318;block-319;block-320;block-321;block-322;block-323;block-324;block-325;block-326;block-327;block-328;block-329;block-330;block-331;block-332;block-333;block-334;block-401;block-402;block-403;block-404;block-405;block-406;block-407;block-408;block-409;block-410;block-411;block-412;block-413;block-414;block-415;block-416;block-417;block-418;block-419;block-420;block-421;block-422,3층 및 4층 매점 후보,UNKNOWN,UNKNOWN,UNKNOWN,OPERATOR_CONFIRMED,user-provided operator confirmation 2026-05-31
JAMSIL_FOOD_3F_4F,올떡,3|4,MIXED,3층 및 4층 매점 후보,jamsil-secondary-map-derived-20260531-user-paste-v1,SECONDARY_MAP_DERIVED_NEEDS_CONFIRMATION,DISABLED_UNTIL_OPERATOR_CONFIRMED,jamsil-facility-concession-food-057,block-301;block-302;block-303;block-304;block-305;block-306;block-307;block-308;block-309;block-310;block-311;block-312;block-313;block-314;block-315;block-316;block-317;block-318;block-319;block-320;block-321;block-322;block-323;block-324;block-325;block-326;block-327;block-328;block-329;block-330;block-331;block-332;block-333;block-334;block-401;block-402;block-403;block-404;block-405;block-406;block-407;block-408;block-409;block-410;block-411;block-412;block-413;block-414;block-415;block-416;block-417;block-418;block-419;block-420;block-421;block-422,3층 및 4층 매점 후보,UNKNOWN,UNKNOWN,UNKNOWN,OPERATOR_CONFIRMED,user-provided operator confirmation 2026-05-31
JAMSIL_FOOD_3F_4F,제발시켜주세요,3|4,MIXED,3층 및 4층 매점 후보,jamsil-secondary-map-derived-20260531-user-paste-v1,SECONDARY_MAP_DERIVED_NEEDS_CONFIRMATION,DISABLED_UNTIL_OPERATOR_CONFIRMED,jamsil-facility-concession-food-058,block-301;block-302;block-303;block-304;block-305;block-306;block-307;block-308;block-309;block-310;block-311;block-312;block-313;block-314;block-315;block-316;block-317;block-318;block-319;block-320;block-321;block-322;block-323;block-324;block-325;block-326;block-327;block-328;block-329;block-330;block-331;block-332;block-333;block-334;block-401;block-402;block-403;block-404;block-405;block-406;block-407;block-408;block-409;block-410;block-411;block-412;block-413;block-414;block-415;block-416;block-417;block-418;block-419;block-420;block-421;block-422,3층 및 4층 매점 후보,UNKNOWN,UNKNOWN,UNKNOWN,OPERATOR_CONFIRMED,user-provided operator confirmation 2026-05-31
